日期,租借量,平均气温_C,降雨量_mm,节假日,周末,大型活动,车辆供给指数,系统异常标记
2022-1-1,350,3.9,0,1,1,0,1,0
2022-1-2,350,3.1,0,0,1,0,1,0
2022-1-3,474,3.9,0,0,0,0,1,0
2022-1-4,350,1.5,0,0,0,0,1,0
2022-1-5,579,4,1.4,0,0,0,1,0
2022-1-6,402,1.7,0,0,0,0,1,0
2022-1-7,790,3.8,0,0,0,0,1,0
2022-1-8,350,2.1,0,0,1,0,1,0
2022-1-9,368,4.5,0,0,1,0,1,0
2022-1-10,875,5.5,0,0,0,0,1,0
2022-1-11,646,3.6,0,0,0,0,1,0
2022-1-12,818,5.5,0,0,0,0,1,0
2022-1-13,843,3.5,0,0,0,0,1,0
2022-1-14,1169,6.2,0,0,0,0,1,0
2022-1-15,1015,5.8,0,0,1,0,1,0
2022-1-16,1197,7.2,0,0,1,0,1,0
2022-1-17,853,4.3,0,0,0,0,1,0
2022-1-18,350,3.2,7.7,0,0,0,1,0
2022-1-19,1042,7.2,0,0,0,0,1,0
2022-1-20,918,5.1,0,0,0,0,1,0
2022-1-21,786,2.5,0,0,0,0,1,0
2022-1-22,665,3.9,0,0,1,0,1,0
2022-1-23,930,6,0,0,1,0,1,0
2022-1-24,831,4.4,0,0,0,0,1,0
2022-1-25,1317,9.5,0,0,0,0,1,0
2022-1-26,1313,9.3,0,0,0,0,1,0
2022-1-27,1701,10.8,0,0,0,0,1,0
2022-1-28,982,3.3,0.4,0,0,0,1,0
2022-1-29,1206,9,0,0,1,0,1,0
2022-1-30,1269,12.9,0,0,1,0,1,0
2022-1-31,406,9.2,7.9,1,0,0,1,0
2022-2-1,1229,11.6,0,1,0,0,1,0
2022-2-2,799,6.8,0,1,0,0,1,0
2022-2-3,674,7.6,0,1,0,0,1,0
2022-2-4,1195,9,0,1,0,0,1,0
2022-2-5,764,10.3,4.1,1,1,0,1,0
2022-2-6,350,4.1,4.4,1,1,0,1,0
2022-2-7,1408,6.8,0,0,0,0,1,0
2022-2-8,750,7.5,10.3,0,0,0,1,0
2022-2-9,1767,12.5,0,0,0,0,1,0
2022-2-10,1556,8.3,0,0,0,0,1,0
2022-2-11,1594,9.1,0,0,0,0,1,0
2022-2-12,1242,7.3,0,0,1,0,1,0
2022-2-13,1040,12.5,8.1,0,1,0,1,0
2022-2-14,1610,9.5,0,0,0,0,1,0
2022-2-15,1723,9.5,0,0,0,0,1,0
2022-2-16,1598,9.2,0,0,0,0,1,0
2022-2-17,1673,11.5,0,0,0,0,1,0
2022-2-18,1461,7.5,0,0,0,0,1,0
2022-2-19,1279,7.3,0,0,1,0,1,0
2022-2-20,1208,6.8,0,0,1,0,1,0
2022-2-21,1839,12,0.9,0,0,0,1,0
2022-2-22,2083,12,0,0,0,0,1,0
2022-2-23,1430,7.1,0,0,0,0,1,0
2022-2-24,2164,13.3,0,0,0,0,1,0
2022-2-25,1334,11,17,0,0,0,1,0
2022-2-26,2323,15.1,0,0,1,0,1,0
2022-2-27,2169,14.1,0,0,1,0,1,0
2022-2-28,1955,11,0,0,0,0,1,0
2022-3-1,2131,12.9,0,0,0,0,1,0
2022-3-2,1913,12.8,4.7,0,0,0,1,0
2022-3-3,2143,12.8,0,0,0,0,1,0
2022-3-4,2108,15.6,5.3,0,0,0,1,0
2022-3-5,1472,7.7,0,0,1,0,1,0
2022-3-6,1925,13.9,0,0,1,0,1,0
2022-3-7,1938,10.5,0,0,0,0,1,0
2022-3-8,2624,16.4,0,0,0,0,1,0
2022-3-9,2417,12.7,0,0,0,0,1,0
2022-3-10,2442,13.4,0,0,0,0,1,0
2022-3-11,2518,14.1,0,0,0,0,1,0
2022-3-12,1745,10.9,0,0,1,0,1,0
2022-3-13,1409,8.3,0,0,1,0,1,0
2022-3-14,2045,14.1,0,0,0,0,1,0
2022-3-15,2277,14.4,0,0,0,0,1,0
2022-3-16,2412,14.2,0,0,0,0,1,0
2022-3-17,2591,18.7,0,0,0,0,1,0
2022-3-18,2075,15.8,6.4,0,0,0,1,0
2022-3-19,2171,15.1,0,0,1,0,1,0
2022-3-20,2316,21.2,0,0,1,0,1,0
2022-3-21,2406,21.4,6.8,0,0,0,1,0
2022-3-22,1614,12.8,12.4,0,0,0,1,0
2022-3-23,2436,14.3,0,0,0,0,1,0
2022-3-24,2615,21.1,0,0,0,0,1,0
2022-3-25,2735,16.6,0,0,0,0,1,0
2022-3-26,2156,17,3.8,0,1,0,1,0
2022-3-27,1991,18.1,3.6,0,1,0,1,0
2022-3-28,2624,16.9,0,0,0,0,1,0
2022-3-29,2218,21,5.7,0,0,0,1,0
2022-3-30,2542,19.7,0,0,0,0,1,0
2022-3-31,2476,17.2,0,0,0,0,1,0
2022-4-1,2449,16,0.6,0,0,0,1,0
2022-4-2,2257,20.4,0,0,1,0,1,0
2022-4-3,2302,22.8,0,0,1,0,1,0
2022-4-4,2624,20.5,0,0,0,0,1,0
2022-4-5,2634,23.8,0,0,0,0,1,0
2022-4-6,2886,18.3,0,0,0,0,1,0
2022-4-7,2992,18.4,0,0,0,0,1,0
2022-4-8,2778,25,0,0,0,0,1,0
2022-4-9,2393,20.9,0,0,1,0,1,0
2022-4-10,2131,18.2,0,0,1,0,1,0
2022-4-11,1848,19,11.4,0,0,0,1,0
2022-4-12,2486,23.3,0,0,0,0,1,0
2022-4-13,2643,22.5,0,0,0,0,1,0
2022-4-14,2503,25.7,0,0,0,0,1,0
2022-4-15,2682,18.3,0,0,0,0,1,0
2022-4-16,2242,19.4,0,0,1,0,1,0
2022-4-17,1798,17,7.3,0,1,0,1,0
2022-4-18,2554,24,0,0,0,0,1,0
2022-4-19,2730,21.7,0,0,0,0,1,0
2022-4-20,2665,20.8,0,0,0,0,1,0
2022-4-21,2854,23.8,0,0,0,0,1,0
2022-4-22,2834,20.4,0,0,0,0,1,0
2022-4-23,2122,23.1,4.5,0,1,0,1,0
2022-4-24,2104,25,3.3,0,1,0,1,0
2022-4-25,2692,23.5,0,0,0,0,1,0
2022-4-26,2705,22.3,1.8,0,0,0,1,0
2022-4-27,2805,23.2,0,0,0,0,1,0
2022-4-28,2617,27.7,0,0,0,0,1,0
2022-4-29,2420,26.1,4.8,0,0,0,1,0
2022-4-30,2554,25.5,0,0,1,0,1,0
2022-5-1,1933,23.5,0,1,1,0,1,0
2022-5-2,2205,22.4,0,1,0,0,1,0
2022-5-3,2031,22.6,0,1,0,0,1,0
2022-5-4,1593,28.2,7,1,0,0,1,0
2022-5-5,2335,23,0,1,0,0,1,0
2022-5-6,2792,25.1,0,0,0,0,1,0
2022-5-7,2507,26.4,0,0,1,0,1,0
2022-5-8,2335,24.7,0,0,1,0,1,0
2022-5-9,2760,23.7,0,0,0,0,1,0
2022-5-10,2862,24,0,0,0,0,1,0
2022-5-11,2262,25.6,5.3,0,0,0,1,0
2022-5-12,2122,33.6,0.2,0,0,0,1,0
2022-5-13,2623,25.5,0,0,0,0,1,0
2022-5-14,2389,27.5,0,0,1,0,1,0
2022-5-15,2196,27.2,0,0,1,0,1,0
2022-5-16,2581,22.5,0,0,0,0,1,0
2022-5-17,2571,25.4,0,0,0,0,1,0
2022-5-18,1985,27.1,6.4,0,0,0,1,0
2022-5-19,2348,28.5,0,0,0,0,1,0
2022-5-20,2546,26.2,0,0,0,0,1,0
2022-5-21,2093,27.5,0,0,1,0,1,0
2022-5-22,1189,34,2.3,0,1,0,1,0
2022-5-23,2108,26.5,0,0,0,0,1,0
2022-5-24,2338,27.4,0,0,0,0,1,0
2022-5-25,2623,26.9,0,0,0,0,1,0
2022-5-26,2479,25.5,0,0,0,0,1,0
2022-5-27,2294,23.6,4.5,0,0,0,1,0
2022-5-28,2128,30.4,0,0,1,0,1,0
2022-5-29,737,33.6,12,0,1,0,1,0
2022-5-30,2345,27.6,0,0,0,0,1,0
2022-5-31,2504,26.4,1,0,0,0,1,0
2022-6-1,1586,28.2,18.5,0,0,0,1,0
2022-6-2,2318,27.1,2.1,0,0,0,1,0
2022-6-3,2216,29.3,4.8,0,0,0,1,0
2022-6-4,2120,,0,0,1,0,1,0
2022-6-5,1934,25.7,0,0,1,0,1,0
2022-6-6,1747,22.7,14.3,0,0,0,1,0
2022-6-7,1575,24.9,19.8,0,0,0,1,0
2022-6-8,2586,25.5,0,0,0,0,1,0
2022-6-9,1362,34.5,14.5,0,0,0,1,0
2022-6-10,2773,26.7,0,0,0,0,1,0
2022-6-11,2368,24.8,0,0,1,0,1,0
2022-6-12,2371,24.4,0,0,1,0,1,0
2022-6-13,2190,30.1,0.2,0,0,0,1,0
2022-6-14,2203,31,0,0,0,0,1,0
2022-6-15,2263,29.1,0,0,0,0,1,0
2022-6-16,1831,30.8,12.2,0,0,0,1,0
2022-6-17,2464,32,0,0,0,0,1,0
2022-6-18,2209,34.2,0,0,1,1,1,0
2022-6-19,2270,27.1,0,0,1,0,1,0
2022-6-20,2337,28,1.9,0,0,0,1,0
2022-6-21,2215,33.2,0,0,0,0,1,0
2022-6-22,2401,27.5,4.7,0,0,0,1,0
2022-6-23,2500,25.7,0,0,0,0,1,0
2022-6-24,2382,30.8,0,0,0,0,1,0
2022-6-25,2056,29.8,0,0,1,0,1,0
2022-6-26,1866,31.8,0,0,1,0,1,0
2022-6-27,1657,28.1,13.2,0,0,0,1,0
2022-6-28,2007,31.2,0,0,0,0,1,0
2022-6-29,1774,31.7,6.3,0,0,0,1,0
2022-6-30,2327,26.1,2,0,0,0,1,0
2022-7-1,2157,22.7,7.7,0,0,0,1,0
2022-7-2,2569,24.2,0,0,1,0,1,0
2022-7-3,1851,31.9,0,0,1,0,1,0
2022-7-4,2053,31.7,0,0,0,0,1,0
2022-7-5,2419,25.3,0,0,0,0,1,0
2022-7-6,2430,26.5,0,0,0,0,1,0
2022-7-7,2399,27.9,0,0,0,0,1,0
2022-7-8,2173,30.9,0,0,0,0,1,0
2022-7-9,1982,29.6,0,0,1,0,1,0
2022-7-10,1972,26.9,0,0,1,0,1,0
2022-7-11,2406,25.8,0,0,0,0,1,0
2022-7-12,2026,30.1,0,0,0,0,1,0
2022-7-13,2455,26.7,0,0,0,0,1,0
2022-7-14,2141,26.3,4.9,0,0,0,1,0
2022-7-15,2294,26.3,0,0,0,0,1,0
2022-7-16,1701,29.1,4,0,1,0,1,0
2022-7-17,1885,29,0,0,1,0,1,0
2022-7-18,2397,30.2,0,0,0,0,1,0
2022-7-19,2615,22,1.2,0,0,0,1,0
2022-7-20,2573,24.9,0,0,0,0,1,0
2022-7-21,2651,22.7,0,0,0,0,1,0
2022-7-22,2839,24.8,0,0,0,0,1,0
2022-7-23,2262,25.7,0,0,1,0,1,0
2022-7-24,2298,23,0,0,1,0,1,0
2022-7-25,2466,26.2,0,0,0,0,1,0
2022-7-26,2666,24.1,0.5,0,0,0,1,0
2022-7-27,2579,23.6,0,0,0,0,1,0
2022-7-28,2083,24,6.9,0,0,0,1,0
2022-7-29,2399,31,0,0,0,0,1,0
2022-7-30,2225,29.1,0,0,1,0,1,0
2022-7-31,1959,24.3,0,0,1,0,1,0
2022-8-1,2568,19.7,0,0,0,0,1,0
2022-8-2,2109,29,5,0,0,0,1,0
2022-8-3,1996,28.7,7.7,0,0,0,1,0
2022-8-4,2891,25.8,0,0,0,0,1,0
2022-8-5,2713,25.7,0,0,0,0,1,0
2022-8-6,2507,24.6,0,0,1,0,1,0
2022-8-7,2213,25.3,0,0,1,0,1,0
2022-8-8,1877,23.8,13.6,0,0,0,1,0
2022-8-9,2581,23.3,0,0,0,0,1,0
2022-8-10,2371,23,6,0,0,0,1,0
2022-8-11,2828,21.2,0,0,0,0,1,0
2022-8-12,2847,,0,0,0,0,1,0
2022-8-13,2221,28.7,2.2,0,1,0,1,0
2022-8-14,2231,20.7,0,0,1,0,1,0
2022-8-15,2069,27,5.8,0,0,0,1,0
2022-8-16,2433,22.5,1.9,0,0,0,1,0
2022-8-17,2519,21.2,0,0,0,0,1,0
2022-8-18,2376,28.6,0,0,0,0,1,0
2022-8-19,2275,24.8,3.3,0,0,0,1,0
2022-8-20,2331,22.8,0,0,1,0,1,0
2022-8-21,2174,19.9,0,0,1,0,1,0
2022-8-22,2370,23.2,0,0,0,0,1,0
2022-8-23,2431,21.5,2.6,0,0,0,1,0
2022-8-24,2483,22.4,2.1,0,0,0,1,0
2022-8-25,2933,23.4,0,0,0,0,1,0
2022-8-26,2566,25.3,0,0,0,0,1,0
2022-8-27,2281,20.7,0,0,1,0,1,0
2022-8-28,2187,22.7,0,0,1,0,1,0
2022-8-29,2367,20.2,1.2,0,0,0,1,0
2022-8-30,2429,15.5,0,0,0,0,1,0
2022-8-31,2521,23.8,0,0,0,0,1,0
2022-9-1,2556,18.8,0,0,0,0,1,0
2022-9-2,2770,23.8,0,0,0,0,1,0
2022-9-3,1983,17.7,5.6,0,1,0,1,0
2022-9-4,1921,22,3.9,0,1,0,1,0
2022-9-5,2323,16.2,0,0,0,0,1,0
2022-9-6,2374,18.7,0,0,0,0,1,0
2022-9-7,1720,15,8,0,0,0,1,0
2022-9-8,2519,21.6,0,0,0,0,1,0
2022-9-9,2141,18.1,8.5,0,0,0,1,0
2022-9-10,1977,16.9,0,0,1,0,1,0
2022-9-11,1819,15.2,0,0,1,0,1,0
2022-9-12,1918,15.4,0,0,0,0,1,0
2022-9-13,2082,18.4,0,0,0,0,1,0
2022-9-14,1834,16.9,8.2,0,0,0,1,0
2022-9-15,1980,21.3,4.2,0,0,0,1,0
2022-9-16,2329,18.7,,0,0,0,1,0
2022-9-17,2567,19.1,0,0,1,1,1,0
2022-9-18,1753,14.6,0,0,1,0,1,0
2022-9-19,2270,20.6,0,0,0,0,1,0
2022-9-20,2020,18,2.2,0,0,0,1,0
2022-9-21,2345,17.2,0,0,0,0,1,0
2022-9-22,2101,14.5,0,0,0,0,1,0
2022-9-23,1704,10,3.3,0,0,0,1,0
2022-9-24,2146,,0,0,1,0,1,0
2022-9-25,1787,15.5,0,0,1,0,1,0
2022-9-26,2175,20.3,0,0,0,0,1,0
2022-9-27,2052,13.4,0,0,0,0,1,0
2022-9-28,1173,12.3,16.5,0,0,0,1,0
2022-9-29,2575,18.3,0,0,0,0,1,0
2022-9-30,1957,13,0,0,0,0,1,0
2022-10-1,1357,14,0,1,1,0,1,0
2022-10-2,596,11,4,1,1,0,1,0
2022-10-3,740,16.1,15.6,1,0,0,1,0
2022-10-4,1202,10.7,1.8,1,0,0,1,0
2022-10-5,1615,13.6,0,1,0,0,1,0
2022-10-6,1435,12.3,0,1,0,0,1,0
2022-10-7,939,11.1,3.7,1,0,0,1,0
2022-10-8,697,8.5,6.4,0,1,0,1,0
2022-10-9,1223,10.9,,0,1,0,1,0
2022-10-10,1734,12.5,0,0,0,0,1,0
2022-10-11,1803,,0,0,0,0,1,0
2022-10-12,2072,16.3,3.4,0,0,0,1,0
2022-10-13,1629,11.1,5.7,0,0,0,1,0
2022-10-14,1769,11.2,0,0,0,0,1,0
2022-10-15,1702,13.1,0,0,1,0,1,0
2022-10-16,1428,12.7,0,0,1,0,1,0
2022-10-17,1494,9,0,0,0,0,1,0
2022-10-18,1744,14.7,1.9,0,0,0,1,0
2022-10-19,1448,9.7,0,0,0,0,1,0
2022-10-20,1788,12.4,2.7,0,0,0,1,0
2022-10-21,1355,8.2,0,0,0,0,1,0
2022-10-22,1044,8.3,0,0,1,0,1,0
2022-10-23,1363,14.5,0,0,1,0,1,0
2022-10-24,856,7.9,1.6,0,0,0,1,0
2022-10-25,1816,15.4,0,0,0,0,1,0
2022-10-26,1440,10.8,0,0,0,0,1,0
2022-10-27,1723,13.1,0,0,0,0,1,0
2022-10-28,1196,7.5,0,0,0,0,1,0
2022-10-29,422,6.1,5.6,0,1,0,1,0
2022-10-30,1085,9.7,0,0,1,0,1,0
2022-10-31,1488,11.4,0,0,0,0,1,0
2022-11-1,975,7.8,0,0,0,0,1,0
2022-11-2,909,7.2,0,0,0,0,1,0
2022-11-3,668,8.5,7.8,0,0,0,1,0
2022-11-4,975,7.9,0,0,0,0,1,0
2022-11-5,1269,8.6,0,0,1,1,1,0
2022-11-6,767,6.5,0,0,1,0,1,0
2022-11-7,1782,14.1,0,0,0,0,1,0
2022-11-8,919,5.5,0,0,0,0,1,0
2022-11-9,1002,6.8,0,0,0,0,1,0
2022-11-10,983,7.4,0,0,0,0,1,0
2022-11-11,971,7.1,0,0,0,0,1,0
2022-11-12,350,2.7,0,0,1,0,1,0
2022-11-13,482,5.9,,0,1,0,1,0
2022-11-14,716,4.3,0,0,0,0,1,0
2022-11-15,854,4.9,0,0,0,0,1,0
2022-11-16,765,5.5,0,0,0,0,1,0
2022-11-17,844,6.5,0,0,0,0,1,0
2022-11-18,845,6,0,0,0,0,1,0
2022-11-19,730,9.7,0,0,1,0,1,0
2022-11-20,529,8.9,0,0,1,0,1,0
2022-11-21,350,4,0,0,0,0,1,0
2022-11-22,350,3.2,0,0,0,0,1,0
2022-11-23,1287,9.8,0,0,0,0,1,0
2022-11-24,739,5,0,0,0,0,1,0
2022-11-25,486,3.4,0,0,0,0,1,0
2022-11-26,1385,10.7,0,0,1,0,1,0
2022-11-27,600,7.1,0,0,1,0,1,0
2022-11-28,433,4.4,2.8,0,0,0,1,0
2022-11-29,350,0.3,0,0,0,0,1,0
2022-11-30,445,5.8,5.9,0,0,0,1,0
2022-12-1,350,-0.5,0,0,0,0,1,0
2022-12-2,539,3.4,3.4,0,0,0,1,0
2022-12-3,603,4.7,0,0,1,0,1,0
2022-12-4,350,6.4,9.3,0,1,0,1,0
2022-12-5,354,5,9.6,0,0,0,1,0
2022-12-6,372,2.7,0,0,0,0,1,0
2022-12-7,852,6.4,1.6,0,0,0,1,0
2022-12-8,538,3,0,0,0,0,1,0
2022-12-9,791,4.5,0,0,0,0,1,0
2022-12-10,815,5.7,0,0,1,0,1,0
2022-12-11,350,3.7,0,0,1,0,1,0
2022-12-12,350,0.6,0,0,0,0,1,0
2022-12-13,350,1.5,0,0,0,0,1,0
2022-12-14,773,4.1,0,0,0,0,1,0
2022-12-15,422,0.5,0,0,0,0,1,0
2022-12-16,350,1.3,0,0,0,0,1,0
2022-12-17,615,6,0,0,1,0,1,0
2022-12-18,350,10.9,13.3,0,1,0,1,0
2022-12-19,350,2.7,2.2,0,0,0,1,0
2022-12-20,350,-0.1,0,0,0,0,1,0
2022-12-21,646,3.4,0,0,0,0,1,0
2022-12-22,968,4.9,1.6,0,0,0,1,0
2022-12-23,559,3.5,0,0,0,0,1,0
2022-12-24,654,5.1,0,0,1,0,1,0
2022-12-25,465,6.4,0,0,1,0,1,0
2022-12-26,350,-0.7,0,0,0,0,1,0
2022-12-27,1032,8.1,0,0,0,0,1,0
2022-12-28,392,2.8,0.6,0,0,0,1,0
2022-12-29,736,5,0,0,0,0,1,0
2022-12-30,1093,6.9,0,0,0,0,1,0
2022-12-31,350,2.8,0,0,1,0,1,0
2023-1-1,397,8.3,0,1,1,0,1,0
2023-1-2,473,4.9,0,0,0,0,1,0
2023-1-3,636,7.5,5.7,0,0,0,1,0
2023-1-4,1006,7.2,0,0,0,0,1,0
2023-1-5,421,2.3,0,0,0,0,1,0
2023-1-6,819,4.3,0,0,0,0,1,0
2023-1-7,1046,8.5,0,0,1,0,1,0
2023-1-8,949,9.2,0,0,1,0,1,0
2023-1-9,958,7.9,0,0,0,0,1,0
2023-1-10,614,6.3,0,0,0,0,1,0
2023-1-11,629,5.6,0,0,0,0,1,0
2023-1-12,789,6.4,0,0,0,0,1,0
2023-1-13,962,4.1,0,0,0,0,1,0
2023-1-14,592,3.1,0,0,1,0,1,0
2023-1-15,582,3.7,0,0,1,0,1,0
2023-1-16,1189,6.8,0,0,0,0,1,0
2023-1-17,1246,8.6,0,0,0,0,1,0
2023-1-18,616,4.6,0,0,0,0,1,0
2023-1-19,350,2.9,0,0,0,0,1,0
2023-1-20,1036,5.6,0,0,0,0,1,0
2023-1-21,819,7.9,0,1,1,0,1,0
2023-1-22,449,7.4,0,1,1,0,1,0
2023-1-23,772,7.7,0,1,0,0,1,0
2023-1-24,646,6.5,2.9,1,0,0,1,0
2023-1-25,1216,8.7,0,1,0,0,1,0
2023-1-26,762,4.9,0,1,0,0,1,0
2023-1-27,839,4.2,0,1,0,0,1,0
2023-1-28,808,3.3,0,0,1,0,1,0
2023-1-29,1207,8,0,0,1,0,1,0
2023-1-30,1599,10,0,0,0,0,1,0
2023-1-31,1060,5.4,0,0,0,0,1,0
2023-2-1,1573,9.6,0,0,0,0,1,0
2023-2-2,1883,13.7,0,0,0,0,1,0
2023-2-3,1824,9.8,0,0,0,0,1,0
2023-2-4,1594,9.5,3.2,0,1,0,1,0
2023-2-5,796,7.7,7,0,1,0,1,0
2023-2-6,1464,8.7,0,0,0,0,1,0
2023-2-7,1968,11.9,0,0,0,0,1,0
2023-2-8,1638,10.2,0,0,0,0,1,0
2023-2-9,854,7.1,9.4,0,0,0,1,0
2023-2-10,1747,10.9,4.2,0,0,0,1,0
2023-2-11,1550,10.2,0,0,1,0,1,0
2023-2-12,1446,8.7,0,0,1,0,1,0
2023-2-13,1687,7.4,0,0,0,0,1,0
2023-2-14,1872,9.7,0,0,0,0,1,0
2023-2-15,1818,8.6,0,0,0,0,1,0
2023-2-16,1617,7,0,0,0,0,1,0
2023-2-17,2035,10.8,0,0,0,0,1,0
2023-2-18,1857,10.8,0,0,1,0,1,0
2023-2-19,1611,8.2,0,0,1,0,1,0
2023-2-20,2614,19,0,0,0,0,1,0
2023-2-21,2108,12.1,0,0,0,0,1,0
2023-2-22,2216,11.5,0,0,0,0,1,0
2023-2-23,1666,,0,0,0,0,1,0
2023-2-24,2130,12.3,0,0,0,0,1,0
2023-2-25,2151,14,0,0,1,0,1,0
2023-2-26,2274,15,0,0,1,0,1,0
2023-2-27,2147,11.2,0,0,0,0,1,0
2023-2-28,1943,13.6,6.5,0,0,0,1,0
2023-3-1,2124,11.5,0,0,0,0,1,0
2023-3-2,2295,,0,0,0,0,1,0
2023-3-3,2804,20,0,0,0,0,1,0
2023-3-4,2267,14.9,0,0,1,0,1,0
2023-3-5,1923,12.2,0,0,1,0,1,0
2023-3-6,2120,12.3,0,0,0,0,1,0
2023-3-7,1839,9.8,0,0,0,0,1,0
2023-3-8,2309,11.6,0,0,0,0,1,0
2023-3-9,2346,16.8,7.7,0,0,0,1,0
2023-3-10,2441,12.6,0,0,0,0,1,0
2023-3-11,2076,16,2.5,0,1,0,1,0
2023-3-12,1626,15.9,5.2,0,1,0,1,0
2023-3-13,2346,18.8,0,0,0,0,1,0
2023-3-14,2231,14.8,0,0,0,0,1,0
2023-3-15,1650,13.4,8.7,0,0,0,1,0
2023-3-16,2489,17.9,4.7,0,0,0,1,0
2023-3-17,2704,15.4,0,0,0,0,1,0
2023-3-18,2367,17.8,4.1,0,1,0,1,0
2023-3-19,1926,10.3,0,0,1,0,1,0
2023-3-20,2473,17.6,7.3,0,0,0,1,0
2023-3-21,2875,22,0,0,0,0,1,0
2023-3-22,2533,20.7,0,0,0,0,1,0
2023-3-23,2439,13.8,0,0,0,0,1,0
2023-3-24,2748,21.3,0,0,0,0,1,0
2023-3-25,2228,21.8,0,0,1,0,1,0
2023-3-26,1816,18.9,4.7,0,1,0,1,0
2023-3-27,2114,14.1,4,0,0,0,1,0
2023-3-28,2687,22.9,0,0,0,0,1,0
2023-3-29,2761,23.8,0,0,0,0,1,0
2023-3-30,2440,13.4,0,0,0,0,1,0
2023-3-31,2307,18.5,7.2,0,0,0,1,0
2023-4-1,2379,22.7,0,0,1,0,1,0
2023-4-2,2256,19.2,0,0,1,0,1,0
2023-4-3,2586,21.4,0,0,0,0,1,0
2023-4-4,2571,20.3,4.5,0,0,0,1,0
2023-4-5,2553,17.9,0,0,0,0,1,0
2023-4-6,2680,26.9,0,0,0,0,1,0
2023-4-7,2478,17,1.7,0,0,0,1,0
2023-4-8,2441,22.6,0,0,1,0,1,0
2023-4-9,2108,21.8,0,0,1,0,1,0
2023-4-10,2768,17.5,0,0,0,0,1,0
2023-4-11,2793,24.2,0,0,0,0,1,0
2023-4-12,2528,20.1,2.9,0,0,0,1,0
2023-4-13,2930,22.6,0,0,0,0,1,0
2023-4-14,2963,23.5,0,0,0,0,1,0
2023-4-15,2408,21.2,2.9,0,1,0,1,0
2023-4-16,2604,22.3,0,0,1,0,1,0
2023-4-17,2642,21.7,3.4,0,0,0,1,0
2023-4-18,2812,18.4,0,0,0,0,1,0
2023-4-19,2956,18.9,0,0,0,0,1,0
2023-4-20,2987,22.7,0,0,0,0,1,0
2023-4-21,3263,22.6,0,0,0,0,1,0
2023-4-22,3375,21.5,0,0,1,1,1,0
2023-4-23,2557,23,0,0,1,0,1,0
2023-4-24,2917,21.5,0,0,0,0,1,0
2023-4-25,2693,19.6,0,0,0,0,1,0
2023-4-26,2800,20.2,0,0,0,0,1,0
2023-4-27,2832,19.1,0,0,0,0,1,0
2023-4-28,2888,24.4,0,0,0,0,1,0
2023-4-29,2690,22.3,0,0,1,0,1,0
2023-4-30,2672,21.4,0,0,1,0,1,0
2023-5-1,2317,28.2,0,1,0,0,1,0
2023-5-2,2143,28.1,0,1,0,0,1,0
2023-5-3,2245,26.1,0,1,0,0,1,0
2023-5-4,2468,26.2,0,1,0,0,1,0
2023-5-5,2397,20.9,,1,0,0,1,0
2023-5-6,2567,23.2,0,0,1,0,1,0
2023-5-7,2082,27.6,4.2,0,1,0,1,0
2023-5-8,2751,21.8,0,0,0,0,1,0
2023-5-9,2302,24.7,9.7,0,0,0,1,0
2023-5-10,2806,25.7,0,0,0,0,1,0
2023-5-11,2605,27.2,1.5,0,0,0,1,0
2023-5-12,2918,23.2,0,0,0,0,1,0
2023-5-13,2668,24.7,0,0,1,0,1,0
2023-5-14,2493,25.7,0,0,1,0,1,0
2023-5-15,2391,25.5,8.3,0,0,0,1,0
2023-5-16,2001,,13.5,0,0,0,1,0
2023-5-17,2692,25.7,0,0,0,0,1,0
2023-5-18,2781,25.4,0,0,0,0,1,0
2023-5-19,2736,25.3,0,0,0,0,1,0
2023-5-20,2622,24.9,0,0,1,0,1,0
2023-5-21,2461,28.5,0,0,1,0,1,0
2023-5-22,2595,31,0,0,0,0,1,0
2023-5-23,2871,27.4,0,0,0,0,1,0
2023-5-24,2572,29.6,0,0,0,0,1,0
2023-5-25,2872,25.4,0,0,0,0,1,0
2023-5-26,2632,26.5,5.8,0,0,0,1,0
2023-5-27,2615,27.5,0,0,1,0,1,0
2023-5-28,2242,25.8,0,0,1,0,1,0
2023-5-29,2533,26.9,0,0,0,0,1,0
2023-5-30,1935,31,9.5,0,0,0,1,0
2023-5-31,2032,25.5,12.5,0,0,0,1,0
2023-6-1,2480,28.6,0,0,0,0,1,0
2023-6-2,2435,32.5,0,0,0,0,1,0
2023-6-3,1911,26.6,10.3,0,1,0,1,0
2023-6-4,2034,29.1,0,0,1,0,1,0
2023-6-5,2250,28.3,0,0,0,0,1,0
2023-6-6,2428,22.1,2.9,0,0,0,1,0
2023-6-7,2524,28.1,0,0,0,0,1,0
2023-6-8,2310,32.9,0,0,0,0,1,0
2023-6-9,2661,24.6,0,0,0,0,1,0
2023-6-10,1945,27.5,4,0,1,0,1,0
2023-6-11,1774,28.6,0,0,1,0,1,0
2023-6-12,2460,24.4,0,0,0,0,1,0
2023-6-13,2249,28,0,0,0,0,1,0
2023-6-14,2442,23.7,1.7,0,0,0,1,0
2023-6-15,2165,24.5,8.5,0,0,0,1,0
2023-6-16,1052,32.7,21.7,0,0,0,1,0
2023-6-17,2690,23.9,4,0,1,1,1,0
2023-6-18,2472,25.5,0,0,1,0,1,0
2023-6-19,2549,26.3,0,0,0,0,1,0
2023-6-20,2196,30.3,0,0,0,0,1,0
2023-6-21,2367,31,0,0,0,0,1,0
2023-6-22,2666,28.2,0,0,0,0,1,0
2023-6-23,2367,30.4,0,0,0,0,1,0
2023-6-24,2411,26.4,0,0,1,0,1,0
2023-6-25,1365,30.2,10,0,1,0,1,0
2023-6-26,1838,19.5,,0,0,0,1,0
2023-6-27,2415,32.6,0,0,0,0,1,0
2023-6-28,2191,28.9,2.7,0,0,0,1,0
2023-6-29,2343,27.1,0,0,0,0,1,0
2023-6-30,2275,30.1,0,0,0,0,1,0
2023-7-1,2474,25,0,0,1,0,1.08,0
2023-7-2,2174,29.4,0,0,1,0,1.08,0
2023-7-3,2264,31.5,2.5,0,0,0,1.08,0
2023-7-4,2618,28.6,0,0,0,0,1.08,0
2023-7-5,2741,26.5,0,0,0,0,1.08,0
2023-7-6,3208,21.3,0,0,0,0,1.08,0
2023-7-7,3158,22.2,0,0,0,0,1.08,0
2023-7-8,2668,27.4,0,0,1,0,1.08,0
2023-7-9,2317,31.9,0,0,1,0,1.08,0
2023-7-10,2936,26.7,0,0,0,0,1.08,0
2023-7-11,2848,22.9,2.4,0,0,0,1.08,0
2023-7-12,2518,32.5,0,0,0,0,1.08,0
2023-7-13,2827,27.7,0,0,0,0,1.08,0
2023-7-14,2910,23.8,0,0,0,0,1.08,0
2023-7-15,2155,30.3,2.8,0,1,0,1.08,0
2023-7-16,2536,28.5,0,0,1,0,1.08,0
2023-7-17,2310,29.4,4.3,0,0,0,1.08,0
2023-7-18,2862,24.1,0,0,0,0,1.08,0
2023-7-19,2413,31,0,0,0,0,1.08,0
2023-7-20,2558,26.5,0,0,0,0,1.08,0
2023-7-21,1882,28.7,13.7,0,0,0,1.08,0
2023-7-22,2139,32.2,0,0,1,0,1.08,0
2023-7-23,1975,22.8,8.6,0,1,0,1.08,0
2023-7-24,2592,26.9,0,0,0,0,1.08,0
2023-7-25,2773,25.1,0,0,0,0,1.08,0
2023-7-26,2655,25.1,0,0,0,0,1.08,0
2023-7-27,2683,25.9,0,0,0,0,1.08,0
2023-7-28,2550,30.7,0,0,0,0,1.08,0
2023-7-29,2171,29.6,0,0,1,0,1.08,0
2023-7-30,2427,23.7,0,0,1,0,1.08,0
2023-7-31,2890,26.5,0,0,0,0,1.08,0
2023-8-1,2237,,9.5,0,0,0,1.08,0
2023-8-2,2683,24.2,0,0,0,0,1.08,0
2023-8-3,1994,28.2,9.7,0,0,0,1.08,0
2023-8-4,2718,23.5,0,0,0,0,1.08,0
2023-8-5,2705,22.5,0,0,1,0,1.08,0
2023-8-6,2618,25.4,0,0,1,0,1.08,0
2023-8-7,2656,22.1,0,0,0,0,1.08,0
2023-8-8,2925,20.7,0,0,0,0,1.08,0
2023-8-9,2915,21,0,0,0,0,1.08,0
2023-8-10,2639,19.4,0,0,0,0,1.08,0
2023-8-11,2563,25,4.8,0,0,0,1.08,0
2023-8-12,1761,23.1,15.3,0,1,0,1.08,0
2023-8-13,2469,23.2,0,0,1,0,1.08,0
2023-8-14,2713,26.6,0,0,0,0,1.08,0
2023-8-15,2838,23.4,0,0,0,0,1.08,0
2023-8-16,2512,22.4,7.4,0,0,0,1.08,0
2023-8-17,2876,18.8,0,0,0,0,1.08,0
2023-8-18,2903,23.2,0,0,0,0,1.08,0
2023-8-19,2464,19.6,2.3,0,1,0,1.08,0
2023-8-20,2283,25.2,0,0,1,0,1.08,0
2023-8-21,2447,22.7,0,0,0,0,1.08,0
2023-8-22,2624,20.9,0,0,0,0,1.08,0
2023-8-23,2552,23.3,0,0,0,0,1.08,0
2023-8-24,1953,20.2,12,0,0,0,1.08,0
2023-8-25,2211,23.2,13.5,0,0,0,1.08,0
2023-8-26,2559,18.2,0,0,1,0,1.08,0
2023-8-27,2074,20.4,3.9,0,1,0,1.08,0
2023-8-28,2388,20,0,0,0,0,1.08,0
2023-8-29,2576,24.8,0.2,0,0,0,1.08,0
2023-8-30,2748,18.6,3.9,0,0,0,1.08,0
2023-8-31,3053,17.9,0,0,0,0,1.08,0
2023-9-1,3039,20.8,0,0,0,0,1.08,0
2023-9-2,2746,20,0,0,1,0,1.08,0
2023-9-3,2330,17.5,0,0,1,0,1.08,0
2023-9-4,2659,22.4,0,0,0,0,1.08,0
2023-9-5,2771,17.2,0,0,0,0,1.08,0
2023-9-6,2690,19.5,2.9,0,0,0,1.08,0
2023-9-7,2872,21.5,0,0,0,0,1.08,0
2023-9-8,2818,23.1,0,0,0,0,1.08,0
2023-9-9,2591,25.5,0,0,1,0,1.08,0
2023-9-10,2068,12.8,0,0,1,0,1.08,0
2023-9-11,2746,20.1,0,0,0,0,1.08,0
2023-9-12,1318,18.9,0,0,0,0,1.08,1
2023-9-13,2728,16.5,0,0,0,0,1.08,0
2023-9-14,2497,13.6,0,0,0,0,1.08,0
2023-9-15,2430,17.4,6,0,0,0,1.08,0
2023-9-16,2659,15.5,0,0,1,1,1.08,0
2023-9-17,2407,21.6,0,0,1,0,1.08,0
2023-9-18,2451,19.1,0,0,0,0,1.08,0
2023-9-19,2231,17.3,4.1,0,0,0,1.08,0
2023-9-20,2425,14.9,0,0,0,0,1.08,0
2023-9-21,2663,15.3,0,0,0,0,1.08,0
2023-9-22,2338,11.6,0,0,0,0,1.08,0
2023-9-23,1520,13.3,11.2,0,1,0,1.08,0
2023-9-24,361,16.1,32,0,1,0,1.08,0
2023-9-25,2457,15.4,0,0,0,0,1.08,0
2023-9-26,2664,17.4,0,0,0,0,1.08,0
2023-9-27,2331,13.9,0,0,0,0,1.08,0
2023-9-28,2074,15.3,2.5,0,0,0,1.08,0
2023-9-29,2297,13.9,,0,0,0,1.08,0
2023-9-30,2221,19,0,0,1,0,1.08,0
2023-10-1,1428,15.2,0,1,1,0,1.08,0
2023-10-2,1625,14.8,0,1,0,0,1.08,0
2023-10-3,1956,17.5,0,1,0,0,1.08,0
2023-10-4,1656,12,0,1,0,0,1.08,0
2023-10-5,1722,13,2.5,1,0,0,1.08,0
2023-10-6,1543,10.4,0,1,0,0,1.08,0
2023-10-7,805,12.1,11.6,1,1,0,1.08,0
2023-10-8,1721,14.3,2.4,0,1,0,1.08,0
2023-10-9,1856,11.2,0,0,0,0,1.08,0
2023-10-10,1909,12.9,0,0,0,0,1.08,0
2023-10-11,2166,12.8,0,0,0,0,1.08,0
2023-10-12,2470,14.4,0,0,0,0,1.08,0
2023-10-13,1987,10,0,0,0,0,1.08,0
2023-10-14,1935,13.7,0,0,1,0,1.08,0
2023-10-15,1940,16.4,0,0,1,0,1.08,0
2023-10-16,1924,11.6,0,0,0,0,1.08,0
2023-10-17,2230,12.2,0,0,0,0,1.08,0
2023-10-18,998,6,3.7,0,0,0,1.08,0
2023-10-19,1891,9.3,0,0,0,0,1.08,0
2023-10-20,1476,10.4,8.2,0,0,0,1.08,0
2023-10-21,1451,9.2,0,0,1,0,1.08,0
2023-10-22,1555,12.2,0,0,1,0,1.08,0
2023-10-23,1736,10.8,0,0,0,0,1.08,0
2023-10-24,1652,10.9,5.5,0,0,0,1.08,0
2023-10-25,1401,10,6,0,0,0,1.08,0
2023-10-26,1253,5.6,0,0,0,0,1.08,0
2023-10-27,1842,,0,0,0,0,1.08,0
2023-10-28,1939,13.3,2.1,0,1,0,1.08,0
2023-10-29,1749,10.6,1,0,1,0,1.08,0
2023-10-30,1892,8,0,0,0,0,1.08,0
2023-10-31,1577,8,0,0,0,0,1.08,0
2023-11-1,1647,7.5,0,0,0,0,1.08,0
2023-11-2,1895,10.2,0,0,0,0,1.08,0
2023-11-3,2066,10,0,0,0,0,1.08,0
2023-11-4,1653,6.6,0,0,1,1,1.08,0
2023-11-5,1099,6.6,0,0,1,0,1.08,0
2023-11-6,396,4.5,13.7,0,0,0,1.08,0
2023-11-7,1686,8.2,0,0,0,0,1.08,0
2023-11-8,1093,5.1,0,0,0,0,1.08,0
2023-11-9,1354,6.2,0,0,0,0,1.08,0
2023-11-10,954,2.5,0,0,0,0,1.08,0
2023-11-11,909,4,0,0,1,0,1.08,0
2023-11-12,996,7.8,0.7,0,1,0,1.08,0
2023-11-13,1125,6.3,0,0,0,0,1.08,0
2023-11-14,1592,7.7,0,0,0,0,1.08,0
2023-11-15,1960,11.2,0,0,0,0,1.08,0
2023-11-16,690,2.6,2.4,0,0,0,1.08,0
2023-11-17,1601,7.2,0,0,0,0,1.08,0
2023-11-18,666,4.9,6,0,1,0,1.08,0
2023-11-19,350,-0.1,0,0,1,0,1.08,0
2023-11-20,1331,6.6,0,0,0,0,1.08,0
2023-11-21,888,2.8,0,0,0,0,1.08,0
2023-11-22,1085,4,0,0,0,0,1.08,0
2023-11-23,714,2.5,0,0,0,0,1.08,0
2023-11-24,1309,7.6,0,0,0,0,1.08,0
2023-11-25,660,5.2,0,0,1,0,1.08,0
2023-11-26,350,5.8,21.8,0,1,0,1.08,0
2023-11-27,1429,9.1,2.1,0,0,0,1.08,0
2023-11-28,350,0.3,14.3,0,0,0,1.08,0
2023-11-29,510,2.1,5.1,0,0,0,1.08,0
2023-11-30,979,3.6,0,0,0,0,1.08,0
2023-12-1,799,5.6,8.5,0,0,0,1.08,0
2023-12-2,350,3.9,22.7,0,1,0,1.08,0
2023-12-3,1122,7.8,0,0,1,0,1.08,0
2023-12-4,770,2.4,0,0,0,0,1.08,0
2023-12-5,654,1.3,0,0,0,0,1.08,0
2023-12-6,498,2.8,2.2,0,0,0,1.08,0
2023-12-7,1082,5.7,0,0,0,0,1.08,0
2023-12-8,1494,7.5,0,0,0,0,1.08,0
2023-12-9,737,6,1.8,0,1,0,1.08,0
2023-12-10,350,0.2,0,0,1,0,1.08,0
2023-12-11,350,1.2,0,0,0,0,1.08,0
2023-12-12,350,2.9,4.1,0,0,0,1.08,0
2023-12-13,836,5.3,0,0,0,0,1.08,0
2023-12-14,350,0.4,0,0,0,0,1.08,0
2023-12-15,922,3.2,1,0,0,0,1.08,0
2023-12-16,1327,11.1,4.9,0,1,0,1.08,0
2023-12-17,391,2.3,0,0,1,0,1.08,0
2023-12-18,350,4.5,14.3,0,0,0,1.08,0
2023-12-19,1041,4.8,,0,0,0,1.08,0
2023-12-20,350,0.6,0,0,0,0,1.08,0
2023-12-21,350,0.9,0,0,0,0,1.08,0
2023-12-22,1542,8.1,0,0,0,0,1.08,0
2023-12-23,350,-0.8,0,0,1,0,1.08,0
2023-12-24,655,7.1,6.3,0,1,0,1.08,0
2023-12-25,892,3.5,0,0,0,0,1.08,0
2023-12-26,1307,4.6,0,0,0,0,1.08,0
2023-12-27,1254,6.1,0,0,0,0,1.08,0
2023-12-28,760,4.8,8.2,0,0,0,1.08,0
2023-12-29,845,3.1,0,0,0,0,1.08,0
2023-12-30,481,5.3,7.2,0,1,0,1.08,0
2023-12-31,387,4.1,0,0,1,0,1.08,0
2024-1-1,663,6.8,0,1,0,0,1.08,0
2024-1-2,1314,6.8,0,0,0,0,1.08,0
2024-1-3,1324,6.8,0,0,0,0,1.08,0
2024-1-4,975,4,0,0,0,0,1.08,0
2024-1-5,945,2.9,0,0,0,0,1.08,0
2024-1-6,350,-0.6,0,0,1,0,1.08,0
2024-1-7,1080,5.9,0,0,1,0,1.08,0
2024-1-8,1077,4.7,0,0,0,0,1.08,0
2024-1-9,1307,8,2.2,0,0,0,1.08,0
2024-1-10,1461,8.4,0,0,0,0,1.08,0
2024-1-11,1043,5.3,1.8,0,0,0,1.08,0
2024-1-12,935,3.6,0,0,0,0,1.08,0
2024-1-13,350,6.6,14.8,0,1,0,1.08,0
2024-1-14,654,5,2.1,0,1,0,1.08,0
2024-1-15,1601,8.6,0,0,0,0,1.08,0
2024-1-16,455,4.1,7.1,0,0,0,1.08,0
2024-1-17,1195,5.9,0,0,0,0,1.08,0
2024-1-18,951,4.1,0,0,0,0,1.08,0
2024-1-19,1307,6.2,0,0,0,0,1.08,0
2024-1-20,1110,6.6,0,0,1,0,1.08,0
2024-1-21,350,2.7,0,0,1,0,1.08,0
2024-1-22,1345,5.8,0,0,0,0,1.08,0
2024-1-23,1114,5,0,0,0,0,1.08,0
2024-1-24,1022,2.8,0,0,0,0,1.08,0
2024-1-25,1076,4.1,0,0,0,0,1.08,0
2024-1-26,1340,5.2,0,0,0,0,1.08,0
2024-1-27,425,1.2,0,0,1,0,1.08,0
2024-1-28,1653,10.7,0,0,1,0,1.08,0
2024-1-29,1357,5.6,0,0,0,0,1.08,0
2024-1-30,970,4.5,6,0,0,0,1.08,0
2024-1-31,1131,2.8,0,0,0,0,1.08,0
2024-2-1,1397,5.4,3.9,0,0,0,1.08,0
2024-2-2,1757,7.1,0,0,0,0,1.08,0
2024-2-3,1348,7.5,0,0,1,0,1.08,0
2024-2-4,1085,6.2,0,0,1,0,1.08,0
2024-2-5,1799,6.8,0,0,0,0,1.08,0
2024-2-6,1807,8.2,0,0,0,0,1.08,0
2024-2-7,2198,12.2,0,0,0,0,1.08,0
2024-2-8,1680,9.8,4,0,0,0,1.08,0
2024-2-9,1769,11.4,0,1,0,0,1.08,0
2024-2-10,1434,10.7,0,1,1,0,1.08,0
2024-2-11,977,7.5,0,1,1,0,1.08,0
2024-2-12,1624,10.5,0,1,0,0,1.08,0
2024-2-13,1030,10.2,15.2,1,0,0,1.08,0
2024-2-14,1155,10.2,15.3,1,0,0,1.08,0
2024-2-15,2081,11.4,0,1,0,0,1.08,0
2024-2-16,2024,11.3,6.8,0,0,0,1.08,0
2024-2-17,1339,4.3,0,0,1,0,1.08,0
2024-2-18,1728,8.8,0,0,1,0,1.08,0
2024-2-19,2216,12.7,0,0,0,0,1.08,0
2024-2-20,1695,7.4,0,0,0,0,1.08,0
2024-2-21,2067,10.7,0,0,0,0,1.08,0
2024-2-22,2069,7.3,0,0,0,0,1.08,0
2024-2-23,2619,15.6,0,0,0,0,1.08,0
2024-2-24,1657,10.1,0,0,1,0,1.08,0
2024-2-25,1880,12.2,0,0,1,0,1.08,0
2024-2-26,2331,13.5,1.3,0,0,0,1.08,0
2024-2-27,2340,12.6,0,0,0,0,1.08,0
2024-2-28,2518,15.9,0,0,0,0,1.08,0
2024-2-29,2498,16,0,0,0,0,1.08,0
2024-3-1,2023,13.8,9.2,0,0,0,1.08,0
2024-3-2,1588,7.4,0,0,1,0,1.08,0
2024-3-3,2053,12.5,0,0,1,0,1.08,0
2024-3-4,1901,7.6,0,0,0,0,1.08,0
2024-3-5,2513,11.5,0,0,0,0,1.08,0
2024-3-6,2832,18.8,0,0,0,0,1.08,0
2024-3-7,2836,15.6,0,0,0,0,1.08,0
2024-3-8,3175,19.4,0,0,0,0,1.08,0
2024-3-9,2804,16.8,0,0,1,0,1.08,0
2024-3-10,2383,15.6,0,0,1,0,1.08,0
2024-3-11,2269,14,6.5,0,0,0,1.08,0
2024-3-12,2513,12.7,0,0,0,0,1.08,0
2024-3-13,2692,15.2,0.1,0,0,0,1.08,0
2024-3-14,3016,15.6,0,0,0,0,1.08,0
2024-3-15,3099,18.9,0,0,0,0,1.08,0
2024-3-16,2576,15.1,0,0,1,0,1.08,0
2024-3-17,2504,14.4,0,0,1,0,1.08,0
2024-3-18,1562,16.8,0,0,0,0,1.08,1
2024-3-19,2948,17.6,0,0,0,0,1.08,0
2024-3-20,2899,16.3,0,0,0,0,1.08,0
2024-3-21,2820,13.6,0,0,0,0,1.08,0
2024-3-22,2701,12.5,0,0,0,0,1.08,0
2024-3-23,2646,16.2,0,0,1,0,1.08,0
2024-3-24,2601,19.1,0,0,1,0,1.08,0
2024-3-25,2561,13.8,0,0,0,0,1.08,0
2024-3-26,3015,17.9,0,0,0,0,1.08,0
2024-3-27,2948,17.6,0,0,0,0,1.08,0
2024-3-28,2280,20.4,14.9,0,0,0,1.08,0
2024-3-29,3162,20.1,0,0,0,0,1.08,0
2024-3-30,2266,17.5,4.4,0,1,0,1.08,0
2024-3-31,2355,17.9,0,0,1,0,1.08,0
2024-4-1,2934,21.9,0,0,0,0,1.08,0
2024-4-2,3159,21.6,0,0,0,0,1.08,0
2024-4-3,3163,19.5,0,0,0,0,1.08,0
2024-4-4,3012,17.3,0,0,0,0,1.08,0
2024-4-5,3058,17.3,0,0,0,0,1.08,0
2024-4-6,2815,24.8,0,0,1,0,1.08,0
2024-4-7,2599,23.9,0,0,1,0,1.08,0
2024-4-8,2764,20.8,0.9,0,0,0,1.08,0
2024-4-9,2883,20.6,0,0,0,0,1.08,0
2024-4-10,2988,20.7,0,0,0,0,1.08,0
2024-4-11,3230,22.6,0,0,0,0,1.08,0
2024-4-12,3067,22.4,4.2,0,0,0,1.08,0
2024-4-13,2427,20.1,7.8,0,1,0,1.08,0
2024-4-14,1677,28.8,14.6,0,1,0,1.08,0
2024-4-15,3086,23.1,0,0,0,0,1.08,0
2024-4-16,3027,21.2,0,0,0,0,1.08,0
2024-4-17,2289,25.8,10,0,0,0,1.08,0
2024-4-18,3157,18.9,0,0,0,0,1.08,0
2024-4-19,3113,19.7,0,0,0,0,1.08,0
2024-4-20,3186,23.8,0,0,1,1,1.08,0
2024-4-21,2431,25.3,1.3,0,1,0,1.08,0
2024-4-22,2926,23.7,0,0,0,0,1.08,0
2024-4-23,3021,21.6,0,0,0,0,1.08,0
2024-4-24,2976,26.3,0,0,0,0,1.08,0
2024-4-25,3069,21.3,0,0,0,0,1.08,0
2024-4-26,3114,24.4,0,0,0,0,1.08,0
2024-4-27,2880,21.8,0,0,1,0,1.08,0
2024-4-28,2746,22.9,0,0,1,0,1.08,0
2024-4-29,3146,24.6,0,0,0,0,1.08,0
2024-4-30,3245,22.5,0,0,0,0,1.08,0
2024-5-1,2868,22,0,1,0,0,1.08,0
2024-5-2,2853,20.9,0,1,0,0,1.08,0
2024-5-3,2746,24.9,2.1,1,0,0,1.08,0
2024-5-4,2507,22.2,0,1,1,0,1.08,0
2024-5-5,2284,28.3,0,1,1,0,1.08,0
2024-5-6,2688,25.7,4.7,0,0,0,1.08,0
2024-5-7,2559,27.6,5.2,0,0,0,1.08,0
2024-5-8,2857,25,0,0,0,0,1.08,0
2024-5-9,2464,23.8,11.4,0,0,0,1.08,0
2024-5-10,3159,23.6,0,0,0,0,1.08,0
2024-5-11,2612,27.3,0,0,1,0,1.08,0
2024-5-12,2585,24.9,0,0,1,0,1.08,0
2024-5-13,2887,23.4,0,0,0,0,1.08,0
2024-5-14,2943,25.2,0,0,0,0,1.08,0
2024-5-15,2960,25,0,0,0,0,1.08,0
2024-5-16,2572,28.3,0,0,0,0,1.08,0
2024-5-17,2310,32.1,3.9,0,0,0,1.08,0
2024-5-18,2363,31.8,0,0,1,0,1.08,0
2024-5-19,2261,31.1,0,0,1,0,1.08,0
2024-5-20,3084,27.2,0,0,0,0,1.08,0
2024-5-21,3236,22.6,0,0,0,0,1.08,0
2024-5-22,3227,25.3,0,0,0,0,1.08,0
2024-5-23,2963,26.3,2.3,0,0,0,1.08,0
2024-5-24,2998,26.8,0,0,0,0,1.08,0
2024-5-25,2501,29.7,0,0,1,0,1.08,0
2024-5-26,2546,24.2,0,0,1,0,1.08,0
2024-5-27,2700,25.8,0,0,0,0,1.08,0
2024-5-28,2535,28.4,0,0,0,0,1.08,0
2024-5-29,2676,26,0,0,0,0,1.08,0
2024-5-30,2839,29.3,0,0,0,0,1.08,0
2024-5-31,2863,26.1,0,0,0,0,1.08,0
2024-6-1,2479,27.3,0,0,1,0,1.08,0
2024-6-2,2324,24.9,0,0,1,0,1.08,0
2024-6-3,2793,25.3,0,0,0,0,1.08,0
2024-6-4,2776,29.5,0,0,0,0,1.08,0
2024-6-5,3049,24.4,0.8,0,0,0,1.08,0
2024-6-6,2763,28.3,0,0,0,0,1.08,0
2024-6-7,2846,28.1,0,0,0,0,1.08,0
2024-6-8,2663,26.1,0,0,1,0,1.08,0
2024-6-9,2523,31.3,0,0,1,0,1.08,0
2024-6-10,2813,31.5,0,0,0,0,1.08,0
2024-6-11,2891,25.5,0,0,0,0,1.08,0
2024-6-12,2944,29.2,0,0,0,0,1.08,0
2024-6-13,3066,27.5,0,0,0,0,1.08,0
2024-6-14,2838,29,2.3,0,0,0,1.08,0
2024-6-15,3205,28.5,0,0,1,1,1.08,0
2024-6-16,2634,28.1,0,0,1,0,1.08,0
2024-6-17,3008,25,1.8,0,0,0,1.08,0
2024-6-18,2634,30.2,4.8,0,0,0,1.08,0
2024-6-19,2736,32.9,0,0,0,0,1.08,0
2024-6-20,2417,24.7,14.2,0,0,0,1.08,0
2024-6-21,3093,28.6,0,0,0,0,1.08,0
2024-6-22,2650,30.6,0,0,1,0,1.08,0
2024-6-23,2563,27.1,0,0,1,0,1.08,0
2024-6-24,2253,33,0,0,0,0,1.08,0
2024-6-25,2641,31.4,2,0,0,0,1.08,0
2024-6-26,2725,28.9,6.7,0,0,0,1.08,0
2024-6-27,3000,27.4,0,0,0,0,1.08,0
2024-6-28,2772,30.9,0,0,0,0,1.08,0
2024-6-29,2469,28,5.5,0,1,0,1.08,0
2024-6-30,2499,25.1,0,0,1,0,1.08,0
2024-7-1,3033,24.5,0,0,0,0,1.18,0
2024-7-2,2948,29.2,0,0,0,0,1.18,0
2024-7-3,3108,24.7,0,0,0,0,1.18,0
2024-7-4,3222,24.9,0,0,0,0,1.18,0
2024-7-5,2542,31,7.3,0,0,0,1.18,0
2024-7-6,3009,26.6,0,0,1,0,1.18,0
2024-7-7,2635,28.5,0,0,1,0,1.18,0
2024-7-8,3091,21.7,0,0,0,0,1.18,0
2024-7-9,3099,28.3,0.6,0,0,0,1.18,0
2024-7-10,2805,32.7,0,0,0,0,1.18,0
2024-7-11,2897,23.5,7.4,0,0,0,1.18,0
2024-7-12,3256,24.3,0,0,0,0,1.18,0
2024-7-13,2709,28.6,0,0,1,0,1.18,0
2024-7-14,2803,26.4,0,0,1,0,1.18,0
2024-7-15,2942,30.2,0,0,0,0,1.18,0
2024-7-16,2914,28.6,0,0,0,0,1.18,0
2024-7-17,2509,32.8,0,0,0,0,1.18,0
2024-7-18,2890,27,0,0,0,0,1.18,0
2024-7-19,2629,24.3,9.4,0,0,0,1.18,0
2024-7-20,3071,22.8,0,0,1,0,1.18,0
2024-7-21,2915,25,0,0,1,0,1.18,0
2024-7-22,3153,20.6,0,0,0,0,1.18,0
2024-7-23,3196,24,0,0,0,0,1.18,0
2024-7-24,3106,29.2,0,0,0,0,1.18,0
2024-7-25,3282,23.2,0,0,0,0,1.18,0
2024-7-26,2952,26.3,0,0,0,0,1.18,0
2024-7-27,2700,27.1,0,0,1,0,1.18,0
2024-7-28,2285,29.9,0,0,1,0,1.18,0
2024-7-29,3003,26.1,0,0,0,0,1.18,0
2024-7-30,3031,24.5,3.1,0,0,0,1.18,0
2024-7-31,3032,28.9,0,0,0,0,1.18,0
2024-8-1,2961,28.8,0,0,0,0,1.18,0
2024-8-2,3051,24.9,0,0,0,0,1.18,0
2024-8-3,2769,26.1,0,0,1,0,1.18,0
2024-8-4,2723,19.2,0,0,1,0,1.18,0
2024-8-5,2765,28.3,1.4,0,0,0,1.18,0
2024-8-6,2970,20.8,4,0,0,0,1.18,0
2024-8-7,2888,30.6,0,0,0,0,1.18,0
2024-8-8,3084,25.4,2.7,0,0,0,1.18,0
2024-8-9,2841,24.2,0,0,0,0,1.18,0
2024-8-10,2194,30.8,0,0,1,0,1.18,0
2024-8-11,2377,26.2,0,0,1,0,1.18,0
2024-8-12,2955,25.9,0,0,0,0,1.18,0
2024-8-13,3026,19.2,0,0,0,0,1.18,0
2024-8-14,3141,,0,0,0,0,1.18,0
2024-8-15,3058,28.2,0,0,0,0,1.18,0
2024-8-16,3352,23.5,0,0,0,0,1.18,0
2024-8-17,2990,24.1,0,0,1,0,1.18,0
2024-8-18,2456,18.2,9.5,0,1,0,1.18,0
2024-8-19,3293,24,0,0,0,0,1.18,0
2024-8-20,3233,22.9,0,0,0,0,1.18,0
2024-8-21,3089,18.2,0,0,0,0,1.18,0
2024-8-22,2980,26,0,0,0,0,1.18,0
2024-8-23,3126,19.9,1.2,0,0,0,1.18,0
2024-8-24,2886,19.3,0,0,1,0,1.18,0
2024-8-25,2799,20.2,0,0,1,0,1.18,0
2024-8-26,3095,24.3,0,0,0,0,1.18,0
2024-8-27,3067,21.3,0,0,0,0,1.18,0
2024-8-28,3294,19.7,0,0,0,0,1.18,0
2024-8-29,3298,23.9,0,0,0,0,1.18,0
2024-8-30,3052,21.3,6.2,0,0,0,1.18,0
2024-8-31,2512,18.4,6.1,0,1,0,1.18,0
2024-9-1,2343,20.3,7.1,0,1,0,1.18,0
2024-9-2,2986,21.6,0,0,0,0,1.18,0
2024-9-3,2909,15.6,0,0,0,0,1.18,0
2024-9-4,2527,14.9,3.2,0,0,0,1.18,0
2024-9-5,3089,21.6,0,0,0,0,1.18,0
2024-9-6,3047,20.4,0,0,0,0,1.18,0
2024-9-7,2740,22.6,0,0,1,0,1.18,0
2024-9-8,2493,17.3,0,0,1,0,1.18,0
2024-9-9,2796,14.9,0,0,0,0,1.18,0
2024-9-10,2911,18,0,0,0,0,1.18,0
2024-9-11,2863,20.6,4.3,0,0,0,1.18,0
2024-9-12,3154,19.7,0,0,0,0,1.18,0
2024-9-13,3089,16.7,0,0,0,0,1.18,0
2024-9-14,2669,22.6,0,0,1,0,1.18,0
2024-9-15,2696,17.5,0,0,1,0,1.18,0
2024-9-16,3011,18.5,0,0,0,0,1.18,0
2024-9-17,2626,11.5,0,0,0,0,1.18,0
2024-9-18,2925,16.3,0,0,0,0,1.18,0
2024-9-19,2770,15.6,3.2,0,0,0,1.18,0
2024-9-20,3058,14.3,0,0,0,0,1.18,0
2024-9-21,2987,16.7,2.5,0,1,1,1.18,0
2024-9-22,2340,15.9,0,0,1,0,1.18,0
2024-9-23,2432,18.3,7.2,0,0,0,1.18,0
2024-9-24,2574,15,0,0,0,0,1.18,0
2024-9-25,2040,14,8.6,0,0,0,1.18,0
2024-9-26,2433,11.6,0,0,0,0,1.18,0
2024-9-27,2531,11.3,0,0,0,0,1.18,0
2024-9-28,1932,15.9,10.6,0,1,0,1.18,0
2024-9-29,2563,15.6,0,0,1,0,1.18,0
2024-9-30,1894,12.7,12.4,0,0,0,1.18,0
2024-10-1,2326,14.2,0,1,0,0,1.18,0
2024-10-2,2391,19,2.7,1,0,0,1.18,0
2024-10-3,1449,14.6,11.2,1,0,0,1.18,0
2024-10-4,1674,14.6,9.4,1,0,0,1.18,0
2024-10-5,1786,15.9,0,1,1,0,1.18,0
2024-10-6,1553,13.8,0,1,1,0,1.18,0
2024-10-7,1698,13.3,0,1,0,0,1.18,0
2024-10-8,1703,8.7,0,0,0,0,1.18,0
2024-10-9,647,16.9,37.4,0,0,0,1.18,0
2024-10-10,2459,14,0,0,0,0,1.18,0
2024-10-11,2199,11.7,0.7,0,0,0,1.18,0
2024-10-12,2107,12.7,0,0,1,0,1.18,0
2024-10-13,2258,16.6,0,0,1,0,1.18,0
2024-10-14,1946,11.7,0,0,0,0,1.18,0
2024-10-15,2169,11.7,0,0,0,0,1.18,0
2024-10-16,2083,9.8,0,0,0,0,1.18,0
2024-10-17,2599,14.4,0,0,0,0,1.18,0
2024-10-18,2139,9.1,0,0,0,0,1.18,0
2024-10-19,1732,12.4,1.1,0,1,0,1.18,0
2024-10-20,1478,10,2.1,0,1,0,1.18,0
2024-10-21,2150,9.9,1.8,0,0,0,1.18,0
2024-10-22,2136,10.6,0,0,0,0,1.18,0
2024-10-23,1671,5.7,0,0,0,0,1.18,0
2024-10-24,2388,12.3,0,0,0,0,1.18,0
2024-10-25,2638,13.6,0,0,0,0,1.18,0
2024-10-26,2241,11.1,0,0,1,0,1.18,0
2024-10-27,2044,11.9,0,0,1,0,1.18,0
2024-10-28,2330,14.5,0,0,0,0,1.18,0
2024-10-29,1781,7.7,0,0,0,0,1.18,0
2024-10-30,1478,11.7,9.8,0,0,0,1.18,0
2024-10-31,975,2.7,0,0,0,0,1.18,0
2024-11-1,1652,6.8,0,0,0,0,1.18,0
2024-11-2,2070,9.5,0,0,1,1,1.18,0
2024-11-3,1711,8.6,0,0,1,0,1.18,0
2024-11-4,1839,8.7,0,0,0,0,1.18,0
2024-11-5,1454,5,0,0,0,0,1.18,0
2024-11-6,1871,7.4,0,0,0,0,1.18,0
2024-11-7,2146,11.1,1.3,0,0,0,1.18,0
2024-11-8,1940,11.3,2.9,0,0,0,1.18,0
2024-11-9,748,5.5,8.3,0,1,0,1.18,0
2024-11-10,1769,9.2,0,0,1,0,1.18,0
2024-11-11,1628,9.3,7.5,0,0,0,1.18,0
2024-11-12,1481,5.4,0,0,0,0,1.18,0
2024-11-13,1788,8.5,0,0,0,0,1.18,0
2024-11-14,1920,7.9,0,0,0,0,1.18,0
2024-11-15,1384,4.1,0,0,0,0,1.18,0
2024-11-16,1742,9.9,0,0,1,0,1.18,0
2024-11-17,753,3.7,0,0,1,0,1.18,0
2024-11-18,1765,6,0,0,0,0,1.18,0
2024-11-19,1405,3.6,0,0,0,0,1.18,0
2024-11-20,1248,5.3,0,0,0,0,1.18,0
2024-11-21,1870,8.6,0,0,0,0,1.18,0
2024-11-22,1962,7.7,0,0,0,0,1.18,0
2024-11-23,1211,4.8,2,0,1,0,1.18,0
2024-11-24,1313,7.6,3.7,0,1,0,1.18,0
2024-11-25,1581,5.2,0,0,0,0,1.18,0
2024-11-26,754,9,21.3,0,0,0,1.18,0
2024-11-27,1575,5.4,0,0,0,0,1.18,0
2024-11-28,1677,7.7,0,0,0,0,1.18,0
2024-11-29,1712,6.7,0,0,0,0,1.18,0
2024-11-30,1324,6.1,0.1,0,1,0,1.18,0
2024-12-1,932,4.1,0,0,1,0,1.18,0
2024-12-2,718,1.7,0,0,0,0,1.18,0
2024-12-3,1161,4.6,0,0,0,0,1.18,0
2024-12-4,908,2.5,0,0,0,0,1.18,0
2024-12-5,1040,3.4,0,0,0,0,1.18,0
2024-12-6,1243,5.7,0,0,0,0,1.18,0
2024-12-7,1344,8.1,0.3,0,1,0,1.18,0
2024-12-8,350,0.6,0,0,1,0,1.18,0
2024-12-9,350,-2.6,0,0,0,0,1.18,0
2024-12-10,350,1.1,14.5,0,0,0,1.18,0
2024-12-11,1205,,0,0,0,0,1.18,0
2024-12-12,1287,4.6,0,0,0,0,1.18,0
2024-12-13,1916,7.9,0,0,0,0,1.18,0
2024-12-14,1056,3,0,0,1,0,1.18,0
2024-12-15,1203,5.2,0,0,1,0,1.18,0
2024-12-16,983,2.2,0,0,0,0,1.18,0
2024-12-17,1838,7,0,0,0,0,1.18,0
2024-12-18,1832,6.9,0,0,0,0,1.18,0
2024-12-19,1148,3.4,0,0,0,0,1.18,0
2024-12-20,1437,4.4,0,0,0,0,1.18,0
2024-12-21,1424,7,0,0,1,0,1.18,0
2024-12-22,547,1.4,0,0,1,0,1.18,0
2024-12-23,1248,2.9,0,0,0,0,1.18,0
2024-12-24,1470,4.4,0,0,0,0,1.18,0
2024-12-25,1894,6.9,0,0,0,0,1.18,0
2024-12-26,1541,6.1,0,0,0,0,1.18,0
2024-12-27,1811,6.3,0,0,0,0,1.18,0
2024-12-28,1905,11.2,0,0,1,0,1.18,0
2024-12-29,350,1,4,0,1,0,1.18,0
2024-12-30,1452,7.6,1.2,0,0,0,1.18,0
2024-12-31,1402,7.3,2.6,0,0,0,1.18,0
2025-1-1,714,3.2,0,1,0,0,1.18,0
2025-1-2,1667,6.5,0,0,0,0,1.18,0
2025-1-3,1566,7.4,6,0,0,0,1.18,0
2025-1-4,595,1,0,0,1,0,1.18,0
2025-1-5,1407,6.6,0,0,1,0,1.18,0
2025-1-6,1721,8.2,0,0,0,0,1.18,0
2025-1-7,1508,7.2,0,0,0,0,1.18,0
2025-1-8,1255,4.8,0,0,0,0,1.18,0
2025-1-9,1441,4.4,0,0,0,0,1.18,0
2025-1-10,1236,1.8,0,0,0,0,1.18,0
2025-1-11,1266,6.3,6.2,0,1,0,1.18,0
2025-1-12,971,3.7,0,0,1,0,1.18,0
2025-1-13,1098,1.9,0,0,0,0,1.18,0
2025-1-14,1479,5.2,0,0,0,0,1.18,0
2025-1-15,2003,8.2,0,0,0,0,1.18,0
2025-1-16,1692,5.5,0,0,0,0,1.18,0
2025-1-17,1115,2.2,2.1,0,0,0,1.18,0
2025-1-18,1614,6.7,0,0,1,0,1.18,0
2025-1-19,1345,5.2,0,0,1,0,1.18,0
2025-1-20,2697,13.1,0,0,0,0,1.18,0
2025-1-21,2269,8,0,0,0,0,1.18,0
2025-1-22,2612,10,0,0,0,0,1.18,0
2025-1-23,478,5.2,28.5,0,0,0,1.18,0
2025-1-24,2190,7.7,0,0,0,0,1.18,0
2025-1-25,2283,12,0,0,1,0,1.18,0
2025-1-26,1751,8.3,0,0,1,0,1.18,0
2025-1-27,1397,4.8,0,0,0,0,1.18,0
2025-1-28,1484,7.6,0,1,0,0,1.18,0
2025-1-29,1394,6.4,0,1,0,0,1.18,0
2025-1-30,1321,5.5,2.4,1,0,0,1.18,0
2025-1-31,1789,7.4,0,1,0,0,1.18,0
2025-2-1,1319,5.1,0,1,1,0,1.18,0
2025-2-2,1428,7.6,0,1,1,0,1.18,0
2025-2-3,1334,8.6,9.7,1,0,0,1.18,0
2025-2-4,1790,7.4,0,1,0,0,1.18,0
2025-2-5,2318,11.6,0,0,0,0,1.18,0
2025-2-6,2284,10.9,0,0,0,0,1.18,0
2025-2-7,1488,3.6,0,0,0,0,1.18,0
2025-2-8,1678,6.1,0,0,1,0,1.18,0
2025-2-9,1800,7.6,0,0,1,0,1.18,0
2025-2-10,2483,13.3,0,0,0,0,1.18,0
2025-2-11,2000,7.8,0,0,0,0,1.18,0
2025-2-12,2511,13,0,0,0,0,1.18,0
2025-2-13,2273,9.4,0,0,0,0,1.18,0
2025-2-14,2558,9.8,0,0,0,0,1.18,0
2025-2-15,1788,7.4,0,0,1,0,1.18,0
2025-2-16,2080,10.8,0,0,1,0,1.18,0
2025-2-17,2311,13.4,2.5,0,0,0,1.18,0
2025-2-18,2318,9.9,,0,0,0,1.18,0
2025-2-19,2265,7.2,0,0,0,0,1.18,0
2025-2-20,1712,9.3,14.2,0,0,0,1.18,0
2025-2-21,2664,7.9,0,0,0,0,1.18,0
2025-2-22,2690,11,0,0,1,0,1.18,0
2025-2-23,2139,9.6,0,0,1,0,1.18,0
2025-2-24,2363,9.4,0,0,0,0,1.18,0
2025-2-25,2339,9.4,0,0,0,0,1.18,0
2025-2-26,2965,18.6,0,0,0,0,1.18,0
2025-2-27,3202,16.3,0,0,0,0,1.18,0
2025-2-28,2927,11.5,2.3,0,0,0,1.18,0
2025-3-1,2086,7.6,0,0,1,0,1.18,0
2025-3-2,2213,9.7,0,0,1,0,1.18,0
2025-3-3,3193,16.7,0,0,0,0,1.18,0
2025-3-4,2956,14.4,0,0,0,0,1.18,0
2025-3-5,2766,11.1,0,0,0,0,1.18,0
2025-3-6,3318,16.3,0,0,0,0,1.18,0
2025-3-7,3127,13.8,0,0,0,0,1.18,0
2025-3-8,2240,8.4,0,0,1,0,1.18,0
2025-3-9,2598,14.5,0,0,1,0,1.18,0
2025-3-10,2272,9.3,0,0,0,0,1.18,0
2025-3-11,2710,12.4,0,0,0,0,1.18,0
2025-3-12,3060,15.9,0,0,0,0,1.18,0
2025-3-13,2974,17.3,1.8,0,0,0,1.18,0
2025-3-14,2965,15.2,0,0,0,0,1.18,0
2025-3-15,2636,16.3,0,0,1,0,1.18,0
2025-3-16,2730,21.9,0,0,1,0,1.18,0
2025-3-17,3067,19.9,0,0,0,0,1.18,0
2025-3-18,3176,17.1,0,0,0,0,1.18,0
2025-3-19,3046,14.4,0,0,0,0,1.18,0
2025-3-20,2769,12.5,0,0,0,0,1.18,0
2025-3-21,3031,,0,0,0,0,1.18,0
2025-3-22,3292,19.3,0,0,1,0,1.18,0
2025-3-23,3065,14.4,0,0,1,0,1.18,0
2025-3-24,3526,13.7,0,0,0,0,1.18,0
2025-3-25,3637,19.4,2.9,0,0,0,1.18,0
2025-3-26,3521,15.5,0,0,0,0,1.18,0
2025-3-27,3410,16.5,0,0,0,0,1.18,0
2025-3-28,3523,19,0,0,0,0,1.18,0
2025-3-29,3286,19,0,0,1,0,1.18,0
2025-3-30,3153,20.4,0,0,1,0,1.18,0
2025-3-31,3357,20,0,0,0,0,1.18,0
2025-4-1,3260,17.8,0,0,0,0,1.18,0
2025-4-2,3365,21.6,0,0,0,0,1.18,0
2025-4-3,3336,19.3,0,0,0,0,1.18,0
2025-4-4,3267,24.5,1.4,0,0,0,1.18,0
2025-4-5,3019,19.8,0,0,1,0,1.18,0
2025-4-6,3100,19,0,0,1,0,1.18,0
2025-4-7,3568,21.5,0,0,0,0,1.18,0
2025-4-8,3521,17.6,0,0,0,0,1.18,0
2025-4-9,3656,19.6,0,0,0,0,1.18,0
2025-4-10,3401,23.7,0,0,0,0,1.18,0
2025-4-11,3533,21.1,2.1,0,0,0,1.18,0
2025-4-12,3251,24.5,0,0,1,0,1.18,0
2025-4-13,3038,21.6,1.1,0,1,0,1.18,0
2025-4-14,3405,18.2,0,0,0,0,1.18,0
2025-4-15,3652,18.8,0,0,0,0,1.18,0
2025-4-16,3496,26.2,0,0,0,0,1.18,0
2025-4-17,3542,24.7,0,0,0,0,1.18,0
2025-4-18,3580,19.4,0,0,0,0,1.18,0
2025-4-19,3539,20,1.8,0,1,1,1.18,0
2025-4-20,3043,25.3,0,0,1,0,1.18,0
2025-4-21,3329,23.8,0,0,0,0,1.18,0
2025-4-22,3300,19,0,0,0,0,1.18,0
2025-4-23,3237,22.3,0,0,0,0,1.18,0
2025-4-24,3188,22.4,5.8,0,0,0,1.18,0
2025-4-25,3336,23.9,5.4,0,0,0,1.18,0
2025-4-26,2491,22,13.3,0,1,0,1.18,0
2025-4-27,3085,19.9,0,0,1,0,1.18,0
2025-4-28,3270,25.2,0,0,0,0,1.18,0
2025-4-29,2466,25.9,15.9,0,0,0,1.18,0
2025-4-30,3357,24.2,0,0,0,0,1.18,0
2025-5-1,3026,23.4,0,1,0,0,1.18,0
2025-5-2,3030,24.5,0,1,0,0,1.18,0
2025-5-3,2447,22.8,6.1,1,1,0,1.18,0
2025-5-4,2138,26.5,11.7,1,1,0,1.18,0
2025-5-5,3186,25.3,0,1,0,0,1.18,0
2025-5-6,3521,23,0,0,0,0,1.18,0
2025-5-7,3326,23.8,0,0,0,0,1.18,0
2025-5-8,2857,26.5,8.3,0,0,0,1.18,0
2025-5-9,2672,26.9,16.7,0,0,0,1.18,0
2025-5-10,2870,30,0,0,1,0,1.18,0
2025-5-11,2954,26.8,0,0,1,0,1.18,0
2025-5-12,3560,19.4,0,0,0,0,1.18,0
2025-5-13,3514,21.1,0,0,0,0,1.18,0
2025-5-14,3046,30.2,2.1,0,0,0,1.18,0
2025-5-15,3263,24.3,0,0,0,0,1.18,0
2025-5-16,3310,24.2,0,0,0,0,1.18,0
2025-5-17,2956,28.2,0,0,1,0,1.18,0
2025-5-18,2607,26.2,11.2,0,1,0,1.18,0
2025-5-19,3319,27.5,0,0,0,0,1.18,0
2025-5-20,3305,29.4,0,0,0,0,1.18,0
2025-5-21,3301,28.7,0,0,0,0,1.18,0
2025-5-22,1686,28,0,0,0,0,1.18,1
2025-5-23,2913,28.8,9,0,0,0,1.18,0
2025-5-24,2997,27.9,0,0,1,0,1.18,0
2025-5-25,2712,28.8,0,0,1,0,1.18,0
2025-5-26,3010,27.1,0,0,0,0,1.18,0
2025-5-27,2221,33.4,8.2,0,0,0,1.18,0
2025-5-28,3355,24.5,0,0,0,0,1.18,0
2025-5-29,3435,28.4,0,0,0,0,1.18,0
2025-5-30,2828,29.9,7.1,0,0,0,1.18,0
2025-5-31,3023,26.5,0,0,1,0,1.18,0
2025-6-1,2933,23.9,0,0,1,0,1.18,0
2025-6-2,2866,30.1,0,0,0,0,1.18,0
2025-6-3,2978,29.4,0,0,0,0,1.18,0
2025-6-4,3097,28.7,2.3,0,0,0,1.18,0
2025-6-5,3326,26.9,0,0,0,0,1.18,0
2025-6-6,3188,31.1,0,0,0,0,1.18,0
2025-6-7,2981,27.3,0,0,1,0,1.18,0
2025-6-8,2688,28.7,0,0,1,0,1.18,0
2025-6-9,3159,24,0,0,0,0,1.18,0
2025-6-10,2556,30.8,9,0,0,0,1.18,0
2025-6-11,3372,22.4,0,0,0,0,1.18,0
2025-6-12,2361,35.7,0,0,0,0,1.18,0
2025-6-13,2962,31.4,0,0,0,0,1.18,0
2025-6-14,3089,25,0,0,1,0,1.18,0
2025-6-15,2892,25.5,0,0,1,0,1.18,0
2025-6-16,3138,28.7,0,0,0,0,1.18,0
2025-6-17,3153,28.8,0,0,0,0,1.18,0
2025-6-18,2162,31.7,16.2,0,0,0,1.18,0
2025-6-19,2867,29,0,0,0,0,1.18,0
2025-6-20,1780,32.4,21.3,0,0,0,1.18,0
2025-6-21,3090,26.9,3,0,1,1,1.18,0
2025-6-22,2856,22.9,0,0,1,0,1.18,0
2025-6-23,3189,28.3,2.6,0,0,0,1.18,0
2025-6-24,3147,28.2,0,0,0,0,1.18,0
2025-6-25,3001,29.2,0,0,0,0,1.18,0
2025-6-26,3147,29.6,0,0,0,0,1.18,0
2025-6-27,3333,26.8,0,0,0,0,1.18,0
2025-6-28,2879,25,0,0,1,0,1.18,0
2025-6-29,2551,29.8,0,0,1,0,1.18,0
2025-6-30,3284,24.2,0,0,0,0,1.18,0
2025-7-1,3072,25.8,10,0,0,0,1.25,0
2025-7-2,3224,28.3,6.9,0,0,0,1.25,0
2025-7-3,3439,28.3,0,0,0,0,1.25,0
2025-7-4,3549,25,0,0,0,0,1.25,0
2025-7-5,2772,25.4,9.3,0,1,0,1.25,0
2025-7-6,2992,29.5,0,0,1,0,1.25,0
2025-7-7,3215,29.3,0,0,0,0,1.25,0
2025-7-8,2917,33.3,0,0,0,0,1.25,0
2025-7-9,3396,29.6,0,0,0,0,1.25,0
2025-7-10,3343,27,0.9,0,0,0,1.25,0
2025-7-11,2699,29.4,5.6,0,0,0,1.25,0
2025-7-12,2799,28.3,0,0,1,0,1.25,0
2025-7-13,2917,26.8,0,0,1,0,1.25,0
2025-7-14,3327,29.4,0,0,0,0,1.25,0
2025-7-15,3514,27.1,0,0,0,0,1.25,0
2025-7-16,3188,24.7,10.6,0,0,0,1.25,0
2025-7-17,3242,31.6,0,0,0,0,1.25,0
2025-7-18,3340,29.9,0,0,0,0,1.25,0
2025-7-19,2978,29.3,0,0,1,0,1.25,0
2025-7-20,2943,25.3,0,0,1,0,1.25,0
2025-7-21,3087,24.1,1.1,0,0,0,1.25,0
2025-7-22,3275,26,0,0,0,0,1.25,0
2025-7-23,3056,30.1,0,0,0,0,1.25,0
2025-7-24,3375,23.6,2.6,0,0,0,1.25,0
2025-7-25,3279,22.8,1.9,0,0,0,1.25,0
2025-7-26,3160,21.9,0,0,1,0,1.25,0
2025-7-27,3253,22.9,0,0,1,0,1.25,0
2025-7-28,3613,23.4,0,0,0,0,1.25,0
2025-7-29,3250,23.3,2.9,0,0,0,1.25,0
2025-7-30,3410,25.2,0,0,0,0,1.25,0
2025-7-31,2182,29,20.8,0,0,0,1.25,0
2025-8-1,3412,30.4,0,0,0,0,1.25,0
2025-8-2,2953,22.8,6.6,0,1,0,1.25,0
2025-8-3,2901,28.4,0,0,1,0,1.25,0
2025-8-4,3076,19.6,4.1,0,0,0,1.25,0
2025-8-5,3023,28.9,0,0,0,0,1.25,0
2025-8-6,3053,24.5,3.7,0,0,0,1.25,0
2025-8-7,3241,24.4,0,0,0,0,1.25,0
2025-8-8,3140,30.3,0,0,0,0,1.25,0
2025-8-9,2854,19.7,0,0,1,0,1.25,0
2025-8-10,2566,23.4,5.4,0,1,0,1.25,0
2025-8-11,3084,26.5,2.7,0,0,0,1.25,0
2025-8-12,2780,22.3,9.6,0,0,0,1.25,0
2025-8-13,3294,27,0,0,0,0,1.25,0
2025-8-14,3401,26.4,0,0,0,0,1.25,0
2025-8-15,3488,22.9,0,0,0,0,1.25,0
2025-8-16,3005,21.8,1,0,1,0,1.25,0
2025-8-17,2932,24.7,0,0,1,0,1.25,0
2025-8-18,3078,27.9,0,0,0,0,1.25,0
2025-8-19,2789,21.6,7.2,0,0,0,1.25,0
2025-8-20,2644,23.6,8.6,0,0,0,1.25,0
2025-8-21,3212,20.4,1.1,0,0,0,1.25,0
2025-8-22,3440,22.7,0,0,0,0,1.25,0
2025-8-23,2621,18.5,5.6,0,1,0,1.25,0
2025-8-24,2662,19,0,0,1,0,1.25,0
2025-8-25,3121,24.8,0,0,0,0,1.25,0
2025-8-26,2680,20.1,14.4,0,0,0,1.25,0
2025-8-27,3405,22.5,0,0,0,0,1.25,0
2025-8-28,3233,20.4,2.7,0,0,0,1.25,0
2025-8-29,3450,23.1,0,0,0,0,1.25,0
2025-8-30,3028,16,0,0,1,0,1.25,0
2025-8-31,2694,17.7,0,0,1,0,1.25,0
2025-9-1,3067,20.6,0,0,0,0,1.25,0
2025-9-2,3102,15.5,0,0,0,0,1.25,0
2025-9-3,3399,20.8,0,0,0,0,1.25,0
2025-9-4,2973,16.4,7.2,0,0,0,1.25,0
2025-9-5,3419,18.1,0,0,0,0,1.25,0
2025-9-6,2985,18.8,0,0,1,0,1.25,0
2025-9-7,2896,19,0,0,1,0,1.25,0
2025-9-8,3238,18.2,0,0,0,0,1.25,0
2025-9-9,2688,10.9,0,0,0,0,1.25,0
2025-9-10,3418,18.3,0,0,0,0,1.25,0
2025-9-11,3506,20.1,0,0,0,0,1.25,0
2025-9-12,3190,15.4,0,0,0,0,1.25,0
2025-9-13,2759,18.9,0,0,1,0,1.25,0
2025-9-14,2532,20.3,1.5,0,1,0,1.25,0
2025-9-15,2734,18.1,3.9,0,0,0,1.25,0
2025-9-16,2938,18.1,0,0,0,0,1.25,0
2025-9-17,2661,17.3,,0,0,0,1.25,0
2025-9-18,3054,14.5,0,0,0,0,1.25,0
2025-9-19,3337,15.2,0,0,0,0,1.25,0
2025-9-20,3286,18.1,0,0,1,1,1.25,0
2025-9-21,2954,17.8,0,0,1,0,1.25,0
2025-9-22,2717,17.9,10.2,0,0,0,1.25,0
2025-9-23,3214,20.8,0,0,0,0,1.25,0
2025-9-24,3172,16.9,0,0,0,0,1.25,0
2025-9-25,3122,14.6,0,0,0,0,1.25,0
2025-9-26,3397,19,0,0,0,0,1.25,0
2025-9-27,3087,21.3,0,0,1,0,1.25,0
2025-9-28,2628,14.7,0,0,1,0,1.25,0
2025-9-29,3016,15.7,0,0,0,0,1.25,0
2025-9-30,2673,12.6,0,0,0,0,1.25,0
2025-10-1,1998,14.5,8.8,1,0,0,1.25,0
2025-10-2,2508,16.8,0,1,0,0,1.25,0
2025-10-3,2579,13.7,0,1,0,0,1.25,0
2025-10-4,2073,12.6,0,1,1,0,1.25,0
2025-10-5,2350,18,0,1,1,0,1.25,0
2025-10-6,2013,11.1,0,1,0,0,1.25,0
2025-10-7,1685,16.1,,1,0,0,1.25,0
2025-10-8,2693,11.1,0,0,0,0,1.25,0
2025-10-9,2787,14.7,0,0,0,0,1.25,0
2025-10-10,2955,15.4,0,0,0,0,1.25,0
2025-10-11,2212,9.7,0,0,1,0,1.25,0
2025-10-12,1766,7.3,0,0,1,0,1.25,0
2025-10-13,1949,8.5,6,0,0,0,1.25,0
2025-10-14,2606,12.4,0,0,0,0,1.25,0
2025-10-15,1719,4.1,0,0,0,0,1.25,0
2025-10-16,2845,14,0,0,0,0,1.25,0
2025-10-17,2436,7.4,0,0,0,0,1.25,0
2025-10-18,2200,9.6,0,0,1,0,1.25,0
2025-10-19,2064,9.4,0,0,1,0,1.25,0
2025-10-20,2216,7.8,0,0,0,0,1.25,0
2025-10-21,2733,11.7,0,0,0,0,1.25,0
2025-10-22,1948,8.4,6.7,0,0,0,1.25,0
2025-10-23,2209,8.1,0,0,0,0,1.25,0
2025-10-24,2370,12.1,9.1,0,0,0,1.25,0
2025-10-25,1794,9,7.6,0,1,0,1.25,0
2025-10-26,2142,11.9,0,0,1,0,1.25,0
2025-10-27,2596,13.1,0,0,0,0,1.25,0
2025-10-28,2046,6.2,0,0,0,0,1.25,0
2025-10-29,1969,4.9,0,0,0,0,1.25,0
2025-10-30,2137,7,0,0,0,0,1.25,0
2025-10-31,2420,8.5,0,0,0,0,1.25,0
2025-11-1,1738,3.8,0,0,1,1,1.25,0
2025-11-2,2241,13.1,0,0,1,0,1.25,0
2025-11-3,2135,7,0,0,0,0,1.25,0
2025-11-4,2074,6.8,0,0,0,0,1.25,0
2025-11-5,1745,4.8,0,0,0,0,1.25,0
2025-11-6,2176,8.3,0,0,0,0,1.25,0
2025-11-7,2110,6.3,0,0,0,0,1.25,0
2025-11-8,2082,8.2,0,0,1,0,1.25,0
2025-11-9,2129,10,0,0,1,0,1.25,0
2025-11-10,1302,3.1,5.6,0,0,0,1.25,0
2025-11-11,1981,6,0,0,0,0,1.25,0
2025-11-12,2095,6.1,0,0,0,0,1.25,0
2025-11-13,1838,4.8,0,0,0,0,1.25,0
2025-11-14,2502,10.2,0,0,0,0,1.25,0
2025-11-15,2105,9.9,0,0,1,0,1.25,0
2025-11-16,1864,9.5,0,0,1,0,1.25,0
2025-11-17,1787,9.9,10.7,0,0,0,1.25,0
2025-11-18,1502,4.8,0,0,0,0,1.25,0
2025-11-19,2176,10.3,0,0,0,0,1.25,0
2025-11-20,1515,6.9,4.3,0,0,0,1.25,0
2025-11-21,1808,5.1,0,0,0,0,1.25,0
2025-11-22,1368,3.7,0,0,1,0,1.25,0
2025-11-23,1399,7.9,5.3,0,1,0,1.25,0
2025-11-24,1860,6.8,0,0,0,0,1.25,0
2025-11-25,1981,9,0,0,0,0,1.25,0
2025-11-26,1311,3.8,0,0,0,0,1.25,0
2025-11-27,1433,5.8,5.4,0,0,0,1.25,0
2025-11-28,1921,9.3,3,0,0,0,1.25,0
2025-11-29,1387,7.2,0,0,1,0,1.25,0
2025-11-30,1039,5.7,0,0,1,0,1.25,0
2025-12-1,885,0,0,0,0,0,1.25,0
2025-12-2,1457,3.5,0,0,0,0,1.25,0
2025-12-3,1633,5.6,0,0,0,0,1.25,0
2025-12-4,1559,4.1,0,0,0,0,1.25,0
2025-12-5,1443,4.2,7.1,0,0,0,1.25,0
2025-12-6,1439,4.3,0,0,1,0,1.25,0
2025-12-7,1583,5.9,0,0,1,0,1.25,0
2025-12-8,1480,6.8,8.2,0,0,0,1.25,0
2025-12-9,2394,8.8,0,0,0,0,1.25,0
2025-12-10,1481,3.6,0,0,0,0,1.25,0
2025-12-11,1500,3.1,0,0,0,0,1.25,0
2025-12-12,1218,1.8,0,0,0,0,1.25,0
2025-12-13,1662,5.8,0,0,1,0,1.25,0
2025-12-14,889,1.5,0,0,1,0,1.25,0
2025-12-15,1665,5.2,2.8,0,0,0,1.25,0
2025-12-16,1159,4.9,13.8,0,0,0,1.25,0
2025-12-17,2147,8.8,0,0,0,0,1.25,0
2025-12-18,1337,2.5,0,0,0,0,1.25,0
2025-12-19,1310,6,8.5,0,0,0,1.25,0
2025-12-20,925,2.9,0,0,1,0,1.25,0
2025-12-21,1110,5.3,0,0,1,0,1.25,0
2025-12-22,1512,4.6,0,0,0,0,1.25,0
2025-12-23,1533,5.1,0,0,0,0,1.25,0
2025-12-24,1819,6.6,0,0,0,0,1.25,0
2025-12-25,1209,1.2,0,0,0,0,1.25,0
2025-12-26,1325,1.4,0,0,0,0,1.25,0
2025-12-27,1146,1,0,0,1,0,1.25,0
2025-12-28,2087,8.3,0,0,1,0,1.25,0
2025-12-29,1631,4.9,3,0,0,0,1.25,0
2025-12-30,709,2.7,13.2,0,0,0,1.25,0
2025-12-31,1489,1.9,0,0,0,0,1.25,0
